<rss xmlns:atom="http://www.w3.org/2005/Atom" version="2.0">
    <channel>
        <title>All Posts - cubes&#39;s blog</title>
        <link>https://www.cybeor.com/posts/</link>
        <description>All Posts | cubes&#39;s blog</description>
        <generator>Hugo -- gohugo.io</generator><language>en</language><managingEditor>0@cybeor.com (cubes)</managingEditor>
            <webMaster>0@cybeor.com (cubes)</webMaster><copyright>cubes&#39;s blog</copyright><lastBuildDate>Wed, 10 Aug 2022 16:10:37 &#43;0800</lastBuildDate><atom:link href="https://www.cybeor.com/posts/" rel="self" type="application/rss+xml" /><item>
    <title>First_post</title>
    <link>https://www.cybeor.com/first_post/</link>
    <pubDate>Wed, 10 Aug 2022 16:10:37 &#43;0800</pubDate>
    <author>cubes</author>
    <guid>https://www.cybeor.com/first_post/</guid>
    <description><![CDATA[]]></description>
</item>
<item>
    <title></title>
    <link>https://www.cybeor.com/docker-%E6%90%AD%E5%BB%BAredis%E9%9B%86%E7%BE%A4/</link>
    <pubDate>Mon, 01 Jan 0001 00:00:00 &#43;0000</pubDate>
    <author>cubes</author>
    <guid>https://www.cybeor.com/docker-%E6%90%AD%E5%BB%BAredis%E9%9B%86%E7%BE%A4/</guid>
    <description><![CDATA[]]></description>
</item>
<item>
    <title></title>
    <link>https://www.cybeor.com/linux%E6%90%AD%E5%BB%BA%E9%A5%A5%E8%8D%92%E6%9C%8D%E5%8A%A1%E5%99%A8/</link>
    <pubDate>Mon, 01 Jan 0001 00:00:00 &#43;0000</pubDate>
    <author>cubes</author>
    <guid>https://www.cybeor.com/linux%E6%90%AD%E5%BB%BA%E9%A5%A5%E8%8D%92%E6%9C%8D%E5%8A%A1%E5%99%A8/</guid>
    <description><![CDATA[]]></description>
</item>
<item>
    <title></title>
    <link>https://www.cybeor.com/minio%E5%9B%BE%E5%BA%8A/</link>
    <pubDate>Mon, 01 Jan 0001 00:00:00 &#43;0000</pubDate>
    <author>cubes</author>
    <guid>https://www.cybeor.com/minio%E5%9B%BE%E5%BA%8A/</guid>
    <description><![CDATA[]]></description>
</item>
<item>
    <title></title>
    <link>https://www.cybeor.com/nginx%E4%BD%BF%E7%94%A8http3quic/</link>
    <pubDate>Mon, 01 Jan 0001 00:00:00 &#43;0000</pubDate>
    <author>cubes</author>
    <guid>https://www.cybeor.com/nginx%E4%BD%BF%E7%94%A8http3quic/</guid>
    <description><![CDATA[nginx使用HTTP3(QUIC) 简介 维基百科中关于quic的定义 1. 安装依赖 以Ubuntu64位为例, 1 sudo apt update &amp;&amp; sudo apt install build-essential mercurial psmisc lsb-release cmake golang libunwind-dev git libpcre3-dev zlib1g-dev]]></description>
</item>
<item>
    <title></title>
    <link>https://www.cybeor.com/%E5%B8%A7%E5%90%8C%E6%AD%A5%E4%B8%8E%E7%8A%B6%E6%80%81%E5%90%8C%E6%AD%A5/</link>
    <pubDate>Mon, 01 Jan 0001 00:00:00 &#43;0000</pubDate>
    <author>cubes</author>
    <guid>https://www.cybeor.com/%E5%B8%A7%E5%90%8C%E6%AD%A5%E4%B8%8E%E7%8A%B6%E6%80%81%E5%90%8C%E6%AD%A5/</guid>
    <description><![CDATA[]]></description>
</item>
<item>
    <title></title>
    <link>https://www.cybeor.com/%E6%90%AD%E5%BB%BAredis%E9%9B%86%E7%BE%A4/</link>
    <pubDate>Mon, 01 Jan 0001 00:00:00 &#43;0000</pubDate>
    <author>cubes</author>
    <guid>https://www.cybeor.com/%E6%90%AD%E5%BB%BAredis%E9%9B%86%E7%BE%A4/</guid>
    <description><![CDATA[]]></description>
</item>
<item>
    <title></title>
    <link>https://www.cybeor.com/%E6%97%B6%E9%97%B4%E8%BD%AE%E7%9A%84%E5%AE%9E%E7%8E%B0/</link>
    <pubDate>Mon, 01 Jan 0001 00:00:00 &#43;0000</pubDate>
    <author>cubes</author>
    <guid>https://www.cybeor.com/%E6%97%B6%E9%97%B4%E8%BD%AE%E7%9A%84%E5%AE%9E%E7%8E%B0/</guid>
    <description><![CDATA[]]></description>
</item>
<item>
    <title></title>
    <link>https://www.cybeor.com/%E6%B8%B8%E6%88%8F%E6%9C%8D%E5%8A%A1%E5%99%A8%E6%9E%B6%E6%9E%84/</link>
    <pubDate>Mon, 01 Jan 0001 00:00:00 &#43;0000</pubDate>
    <author>cubes</author>
    <guid>https://www.cybeor.com/%E6%B8%B8%E6%88%8F%E6%9C%8D%E5%8A%A1%E5%99%A8%E6%9E%B6%E6%9E%84/</guid>
    <description><![CDATA[]]></description>
</item>
<item>
    <title></title>
    <link>https://www.cybeor.com/%E7%8E%A9%E8%BD%AC%E6%97%A5%E5%BF%97%E5%BA%93logrus%E4%B8%8Ezap/</link>
    <pubDate>Mon, 01 Jan 0001 00:00:00 &#43;0000</pubDate>
    <author>cubes</author>
    <guid>https://www.cybeor.com/%E7%8E%A9%E8%BD%AC%E6%97%A5%E5%BF%97%E5%BA%93logrus%E4%B8%8Ezap/</guid>
    <description><![CDATA[]]></description>
</item>
</channel>
</rss>
